{"B": {"B": -3.14e+100, "M": -2.0223298474445826, "E": -0.14196313474289685, "S": -3.14e+100}, "M": {"B": -3.14e+100, "M": -1.2039505370024064, "E": -0.3566844872291759, "S": -3.14e+100}, "E": {"B": -0.8920370065638907, "M": -3.14e+100, "E": -3.14e+100, "S": -0.5274880393330945}, "S": {"B": -1.0293546921856505, "M": -3.14e+100, "E": -3.14e+100, "S": -0.9010551424431607}}