{"B": -0.6274093698303153, "M": -3.14e+100, "E": -3.14e+100, "S": -0.7635124322183692}