{"B": -0.35383095629825495, "M": -3.14e+100, "E": -3.14e+100, "S": -1.2106403998428485}