{"B": {"B": -3.14e+100, "M": -1.875624901172532, "E": -0.1663606111784028, "S": -3.14e+100}, "M": {"B": -3.14e+100, "M": -1.2810809346043779, "E": -0.3253658334479409, "S": -3.14e+100}, "E": {"B": -0.6908117935465937, "M": -3.14e+100, "E": -3.14e+100, "S": -0.7091346076402998}, "S": {"B": -0.6470946342511682, "M": -3.14e+100, "E": -3.14e+100, "S": -0.9024021058879341}}