{"B": {"B": -3.14e+100, "M": -1.763603863953054, "E": -0.18804907187170708, "S": -3.14e+100}, "M": {"B": -3.14e+100, "M": -0.7008461175870558, "E": -0.6855070645928693, "S": -3.14e+100}, "E": {"B": -0.7472476014575915, "M": -3.14e+100, "E": -3.14e+100, "S": -0.6431889017085206}, "S": {"B": -0.6179948889922445, "M": -3.14e+100, "E": -3.14e+100, "S": -0.957854541611319}}