{"B": -0.36305218430617797, "M": -3.14e+100, "E": -3.14e+100, "S": -1.1894756036173015}