{"B": {"B": -3.14e+100, "M": -1.9188491933642506, "E": -0.15873290028022596, "S": -3.14e+100}, "M": {"B": -3.14e+100, "M": -1.0622669534219755, "E": -0.42414545547419896, "S": -3.14e+100}, "E": {"B": -0.7292970155448534, "M": -3.14e+100, "E": -3.14e+100, "S": -0.6707989566933775}, "S": {"B": -0.5898493142940697, "M": -3.14e+100, "E": -3.14e+100, "S": -0.875934235860301}}