{"B": -0.4549206384208346, "M": -3.14e+100, "E": -3.14e+100, "S": -1.0067715966525346}